sigma,p_sigma
-0.025,1.7111951336977395e-05
-0.024,7.141503524224459e-06
-0.023,8.218880664687519e-07
-0.022000000000000002,0.0015369038413331879
-0.021,0.0035155243780762334
-0.02,0.0002132907600034974
-0.019000000000000003,0.000791191632342614
-0.018000000000000002,0.006988977274226896
-0.017,0.010123083193766303
-0.016,0.003470340252094327
-0.015000000000000001,0.002660059005015005
-0.014000000000000002,0.0027014656397480667
-0.013000000000000001,0.002221798434791519
-0.012,8.356448177225827e-05
-0.011000000000000001,0.0008999548103183467
-0.010000000000000002,0.0036777638056669374
-0.009000000000000001,0.0027227355828794058
-0.008,0.0015207606028508726
-0.006999999999999999,0.009135244756142129
-0.006000000000000002,0.017102755934075408
-0.005000000000000001,0.04869620709223037
-0.004,0.08024072758969739
-0.0030000000000000027,0.10650322648357155
-0.0020000000000000018,0.08842635991394322
-0.0010000000000000009,0.07975684981989586
0.0,0.04856108982179156
0.0010000000000000009,0.0779129568382548
0.0019999999999999983,0.10581214193330948
0.002999999999999999,0.08727725053541446
0.004,0.05518443811785247
0.0049999999999999975,0.03262184814347659
0.005999999999999998,0.030740741393849563
0.006999999999999999,0.03563980388962107
0.008,0.021037980412377595
0.009000000000000001,0.014047901073454806
0.010000000000000002,0.009274113245349037
0.011000000000000003,0.004866979439841493
0.011999999999999997,0.0009116504761930703
0.012999999999999998,0.002336605851279634
0.013999999999999999,0.0
0.015,0.0
0.016,0.0
0.017,0.00039395218745655824
0.018000000000000002,0.0003635833676633919
0.018999999999999996,3.0203100530644262e-06
0.019999999999999997,0.0
0.020999999999999998,3.7350701215682145e-08
0.022,4.498469106366277e-08
0.023,0.0
0.024,0.0
0.025,0.0
